产品名称,品牌,尺码,原价,折扣,SPU,山茶花SKU,商家SKU
「出游季」Co.Bag 透明的夏 白色方形手提包,Camelia,44cmx38cmx14cm,399.0,269.0,1005162,10051620101,SSLAB18196B,
「出游季」Co.Bag 透明的夏 玫红色圆形手提包,Camelia,41cmx28cmx12cm,359.0,219.0,1005163,10051630101,SSLAB18194H,
「出游季」Co.Bag 透明的夏 黑色圆形手提包,Camelia,41cmx28cmx12cm,359.0,219.0,1005164,10051640101,SSLAB18195F,
Co.Bag 透明的夏 小号双带手提包,Camelia,38cmx48cmx13cm,229.0,119.0,1005165,10051650101,SSLAB18198X,
Co.Bag 透明的夏 大号双带手提包,Camelia,28cmx41cmx10cm,259.0,139.0,1005166,10051660101,SSLAB18195,
不对称褶皱上衣,Into This Dream,S,1280.0,899.0,1005167,10051670101,SSYVT18202P-S,
不对称褶皱上衣,Into This Dream,M,1280.0,899.0,1005167,10051670102,SSYVT18202P-M,
不对称褶皱上衣,Into This Dream,L,1280.0,899.0,1005167,10051670103,SSYVT18202P-L,
不对称拼接迷你短连衣裙,Into This Dream,S,1570.0,1099.0,1005168,10051680101,SSYOP18200ML-S,
不对称拼接迷你短连衣裙,Into This Dream,M,1570.0,1099.0,1005168,10051680102,SSYOP18200ML-M,
不对称拼接迷你短连衣裙,Into This Dream,L,1570.0,1099.0,1005168,10051680103,SSYOP18200ML-L,
度假柔美风情连衣裙  红色,Into This Dream,S,1570.0,1099.0,1005169,10051690101,SSYOP18205HL-S,
度假柔美风情连衣裙  红色,Into This Dream,M,1570.0,1099.0,1005169,10051690102,SSYOP18205HL-M,
度假柔美风情连衣裙  红色,Into This Dream,L,1570.0,1099.0,1005169,10051690103,SSYOP18205HL-L,
不对称荷叶边上衣 白色,Into This Dream,S,1280.0,899.0,1005170,10051700101,SSYBL18206B-S,
不对称荷叶边上衣 白色,Into This Dream,M,1280.0,899.0,1005170,10051700102,SSYBL18206B-M,
不对称荷叶边上衣 白色,Into This Dream,L,1280.0,899.0,1005170,10051700103,SSYBL18206B-L,
不对称荷叶边上衣 黑白格,Into This Dream,S,1280.0,899.0,1005170,10051700201,SSYBL18206HB-S,
不对称荷叶边上衣 黑白格,Into This Dream,M,1280.0,899.0,1005170,10051700202,SSYBL18206HB-M,
松紧高腰条纹短裤,Into This Dream,S,990.0,799.0,1005171,10051710101,SSYOPS18198BDK-S,
松紧高腰条纹短裤,Into This Dream,M,990.0,799.0,1005171,10051710102,SSYOPS18198BDK-M,
松紧高腰条纹短裤,Into This Dream,L,990.0,799.0,1005171,10051710103,SSYOPS18198BDK-L,
中高腰条纹阔腿裤,Into This Dream,S,1280.0,899.0,1005172,10051720101,SSYPT18207LB-S,
中高腰条纹阔腿裤,Into This Dream,M,1280.0,899.0,1005172,10051720102,SSYPT18207LB-M,
中高腰条纹阔腿裤,Into This Dream,L,1280.0,899.0,1005172,10051720103,SSYPT18207LB-L,
褶皱迷你短连衣裙,Into This Dream,S,1570.0,1099.0,1005173,10051730101,SSYOP18196TL-S,
褶皱迷你短连衣裙,Into This Dream,M,1570.0,1099.0,1005173,10051730102,SSYOP18196TL-M,
褶皱迷你短连衣裙,Into This Dream,L,1570.0,1099.0,1005173,10051730103,SSYOP18196TL-L,
柔美系列-蕾丝边饰长款连衣裙 白底黑点,Into This Dream,S,2119.0,1699.0,1005209,10052090101,SSLOP18175H-S,
柔美系列-蕾丝边饰长款连衣裙 白底黑点,Into This Dream,M,2119.0,1699.0,1005209,10052090102,SSLOP18175H-M,
柔美系列-蕾丝边饰长款连衣裙 白底黑点,Into This Dream,L,2119.0,1699.0,1005209,10052090103,SSLOP18175H-L,
「出游季」柔美系列-蕾丝边饰长款连衣裙 杏色白点,Into This Dream,S,2199.0,1699.0,1005210,10052100101,SSLOP18175M-S,
「出游季」柔美系列-蕾丝边饰长款连衣裙 杏色白点,Into This Dream,M,2199.0,1699.0,1005210,10052100102,SSLOP18175M-M,
「出游季」柔美系列-蕾丝边饰长款连衣裙 杏色白点,Into This Dream,L,2199.0,1699.0,1005210,10052100103,SSLOP18175M-L,
柔美系列-蕾丝边饰短款连衣裙 白底黑点,Into This Dream,S,1650.0,1329.0,1005211,10052110101,SSLOP18177HS-S,
柔美系列-蕾丝边饰短款连衣裙 白底黑点,Into This Dream,M,1650.0,1329.0,1005211,10052110102,SSLOP18177HS-M,
柔美系列-蕾丝边饰短款连衣裙 白底黑点,Into This Dream,L,1650.0,1329.0,1005211,10052110103,SSLOP18177HS-L,
柔美系列-蕾丝边饰短款连衣裙 蓝底白点,Into This Dream,S,1650.0,1329.0,1005211,10052110201,SSLOP18177L-S,
柔美系列-蕾丝边饰短款连衣裙 蓝底白点,Into This Dream,M,1650.0,1329.0,1005211,10052110202,SSLOP18177L-M,
柔美系列-蕾丝边饰短款连衣裙 蓝底白点,Into This Dream,L,1650.0,1329.0,1005211,10052110203,SSLOP18177L-L,
「出游季」柔美系列-真丝防晒开衫 裸粉,Into This Dream,S,1388.0,1019.0,1005212,10052120101,SSLOP18176F-S,
「出游季」柔美系列-真丝防晒开衫 裸粉,Into This Dream,M,1388.0,1019.0,1005212,10052120102,SSLOP18176F-M,
「出游季」柔美系列-真丝防晒开衫 裸粉,Into This Dream,L,1388.0,1019.0,1005212,10052120103,SSLOP18176F-L,
「出游季」柔美系列-真丝防晒开衫 白色,Into This Dream,S,1388.0,1019.0,1005212,10052120201,SSLOP18176B-S,
「出游季」柔美系列-真丝防晒开衫 白色,Into This Dream,M,1388.0,1019.0,1005212,10052120202,SSLOP18176B-M,
「出游季」柔美系列-真丝防晒开衫 白色,Into This Dream,L,1388.0,1019.0,1005212,10052120203,SSLOP18176B-L,
柔美系列-褶皱无袖上衣,Into This Dream,S,1850.0,1480.0,1005213,10052130101,SSLBL18179F-S,
柔美系列-褶皱无袖上衣,Into This Dream,M,1850.0,1480.0,1005213,10052130102,SSLB18179F-M,
柔美系列-褶皱无袖上衣,Into This Dream,L,1850.0,1480.0,1005213,10052130103,SSLBL18179F-L,
真丝蕾丝睡袍 白色,Into This Dream,S,2708.0,1899.0,1005214,10052140101,SSYOP18181-BP-S,
真丝蕾丝睡袍 白色,Into This Dream,M,2708.0,1899.0,1005214,10052140102,SSYOP18181-BP-M,
真丝蕾丝睡袍 白色,Into This Dream,L,2708.0,1899.0,1005214,10052140103,SSYOP18181-BP-L,
真丝蕾丝睡袍 淡粉色,Into This Dream,S,2708.0,1899.0,1005214,10052140201,SSYOP18181-FP-S,
真丝蕾丝睡袍 淡粉色,Into This Dream,M,2708.0,1899.0,1005214,10052140202,SSYOP18181-FP-M,
真丝蕾丝睡袍 淡粉色,Into This Dream,L,2708.0,1899.0,1005214,10052140203,SSYOP18181-FP-L,
「出游季」真丝蕾丝吊带连衣裙 白色,Into This Dream,S,1856.0,1299.0,1005215,10052150101,SSYOP18182-BL-S,
「出游季」真丝蕾丝吊带连衣裙 白色,Into This Dream,M,1856.0,1299.0,1005215,10052150102,SSYOP18182-BL-M,
「出游季」真丝蕾丝吊带连衣裙 白色,Into This Dream,L,1856.0,1299.0,1005215,10052150103,SSYOP18182-BL-L,
「出游季」真丝蕾丝吊带连衣裙 蓝色,Into This Dream,S,1856.0,1299.0,1005215,10052150201,SSYOP18182-LL-S,
「出游季」真丝蕾丝吊带连衣裙 蓝色,Into This Dream,M,1856.0,1299.0,1005215,10052150202,SSYOP18182-LL-M,
「出游季」真丝蕾丝吊带连衣裙 蓝色,Into This Dream,L,1856.0,1299.0,1005215,10052150203,SSYOP18182-LL-L,
真丝蕾丝睡衣套装 粉色,Into This Dream,S,2139.0,1509.0,1005216,10052160101,SSYSU18183-FT-S,
真丝蕾丝睡衣套装 粉色,Into This Dream,M,2139.0,1509.0,1005216,10052160102,SSYSU18183-FT-M,
真丝蕾丝睡衣套装 粉色,Into This Dream,L,2139.0,1509.0,1005216,10052160103,SSYSU18183-FT-L,
真丝蕾丝睡衣套装 蓝色,Into This Dream,S,2139.0,1509.0,1005216,10052160201,SSYSU18183-LT-S,
真丝蕾丝睡衣套装 蓝色,Into This Dream,M,2139.0,1509.0,1005216,10052160202,SSYSU18183-LT-M,
真丝蕾丝睡衣套装 蓝色,Into This Dream,L,2139.0,1509.0,1005216,10052160203,SSYSU18183-LT-L,
「出游季」摇摇曳曳的耳边鎏金 Akoya 珍珠流苏耳饰,Into This Dream,均码,1380.0,0,1005217,10052170101,1,
「出游季」It's mine 缎面凉拖鞋-复古桃,Camelia,36,1269.0,980.0,1005229,10052290101,LAF18262H-36,
「出游季」It's mine 缎面凉拖鞋-复古桃,Camelia,37,1269.0,980.0,1005229,10052290102,LAF18262H-37,
「出游季」It's mine 缎面凉拖鞋-复古桃,Camelia,38,1269.0,980.0,1005229,10052290103,LAF18262H-38,
「出游季」It's mine 缎面凉拖鞋-复古桃,Camelia,39,1269.0,980.0,1005229,10052290104,LAF18262H-39,
「出游季」It's mine 缎面凉拖鞋-复古绿,Camelia,36,1269.0,980.0,1005229,10052290201,LAF18262L-36,
「出游季」It's mine 缎面凉拖鞋-复古绿,Camelia,37,1269.0,980.0,1005229,10052290202,LAF18262L-37,
「出游季」It's mine 缎面凉拖鞋-复古绿,Camelia,38,1269.0,980.0,1005229,10052290203,LAF18262L-38,
「出游季」It's mine 缎面凉拖鞋-复古绿,Camelia,39,1269.0,980.0,1005229,10052290204,LAF18262L-39,
「出游季」It's mine 缎面凉拖鞋-珍珠白,Camelia,36,1269.0,980.0,1005230,10052300101,LAF18264B-36,
「出游季」It's mine 缎面凉拖鞋-珍珠白,Camelia,37,1269.0,980.0,1005230,10052300102,LAF18264B-37,
「出游季」It's mine 缎面凉拖鞋-珍珠白,Camelia,38,1269.0,980.0,1005230,10052300103,LAF18264B-38,
「出游季」It's mine 缎面凉拖鞋-珍珠白,Camelia,39,1269.0,980.0,1005230,10052300104,LAF18264B-39,
「出游季」Co.Bag 帆布包 Morandi莫兰迪,Camelia,58cm*34.5cm*12.5cm,368.0,258.0,1005248,10052480101,SSLAB18271KB,
法式系列-V领系带连衣裙 白色,Into This Dream,S,1129.0,899.0,1005252,10052520101,LOP18222-B-S,
法式系列-V领系带连衣裙 白色,Into This Dream,M,1129.0,899.0,1005252,10052520102,LOP18222-B-M,
法式系列-V领系带连衣裙 白色,Into This Dream,L,1129.0,899.0,1005252,10052520103,LOP18222-B-L,
「出游季」法式系列-圆点半身裹身裙 黑底白点,Into This Dream,S,899.0,699.0,1005253,10052530101,LOP18223-H-S,
「出游季」法式系列-圆点半身裹身裙 黑底白点,Into This Dream,M,899.0,699.0,1005253,10052530102,LOP18223-H-M,
「出游季」法式系列-圆点半身裹身裙 黑底白点,Into This Dream,L,899.0,699.0,1005253,10052530103,LOP18223-H-L,
法式系列-圆点半身裹身裙 白底黑点,Into This Dream,S,899.0,699.0,1005253,10052530201,LOP18223-B-S,
法式系列-圆点半身裹身裙 白底黑点,Into This Dream,M,899.0,699.0,1005253,10052530202,LOP18223-B-M,
法式系列-圆点半身裹身裙 白底黑点,Into This Dream,L,899.0,699.0,1005253,10052530203,LOP18223-B-L,
「出游季」法式系列-七分袖裹身荷叶边连衣裙 白底方点,Into This Dream,S,1099.0,799.0,1005254,10052540101,LOP18227-B-S,
「出游季」法式系列-七分袖裹身荷叶边连衣裙 白底方点,Into This Dream,M,1099.0,799.0,1005254,10052540102,LOP18227-B-M,
「出游季」法式系列-七分袖裹身荷叶边连衣裙 白底方点,Into This Dream,L,1099.0,799.0,1005254,10052540103,LOP18227-B-L,
「出游季」 法式系列-简洁七分袖连衣裙 黄色,Into This Dream,S,1129.0,899.0,1005255,10052550101,LOP18228-H-S,
「出游季」 法式系列-简洁七分袖连衣裙 黄色,Into This Dream,M,1129.0,899.0,1005255,10052550102,LOP18228-H-M,
「出游季」 法式系列-简洁七分袖连衣裙 黄色,Into This Dream,L,1129.0,899.0,1005255,10052550103,LOP18228-H-L,
 法式系列-简洁七分袖连衣裙 白底方点,Into This Dream,S,1129.0,899.0,1005255,10052550201,LOP18228-B-S,
 法式系列-简洁七分袖连衣裙 白底方点,Into This Dream,M,1129.0,899.0,1005255,10052550202,LOP18228-B-M,
 法式系列-简洁七分袖连衣裙 白底方点,Into This Dream,L,1129.0,899.0,1005255,10052550203,LOP18228-B-L,
 法式系列-V领七分袖连体衣 白底黑点,Into This Dream,S,899.0,599.0,1005256,10052560101,LBL18229-B-S,
 法式系列-V领七分袖连体衣 白底黑点,Into This Dream,M,899.0,599.0,1005256,10052560102,LBL18229-B-M,
 法式系列-V领七分袖连体衣 白底黑点,Into This Dream,L,899.0,599.0,1005256,10052560103,LBL18229-B-L,
 法式系列-V领七分袖连体衣 黑底白点,Into This Dream,S,899.0,599.0,1005256,10052560201,LBL18229-H-S,
 法式系列-V领七分袖连体衣 黑底白点,Into This Dream,M,899.0,599.0,1005256,10052560202,LBL18229-H-M,
 法式系列-V领七分袖连体衣 黑底白点,Into This Dream,L,899.0,599.0,1005256,10052560203,LBL18229H-L,
「出游季」法式系列-系带露背连体短裤 白底方点,Into This Dream,S,1129.0,899.0,1005257,10052570101,LJS18230-B-S,
「出游季」法式系列-系带露背连体短裤 白底方点,Into This Dream,M,1129.0,899.0,1005257,10052570102,LJS18230-B-M,
「出游季」法式系列-系带露背连体短裤 白底方点,Into This Dream,L,1129.0,899.0,1005257,10052570103,LJS18230-B-L,
「出游季」法式系列-细吊带连体衣 绿色,Into This Dream,S,699.0,329.0,1005263,10052630101,LAU18231-L-S,
「出游季」法式系列-细吊带连体衣 绿色,Into This Dream,M,699.0,329.0,1005263,10052630102,LAU18231-L-M,
「出游季」法式系列-细吊带连体衣 绿色,Into This Dream,L,699.0,329.0,1005263,10052630103,LAU18231-L-L,
「出游季」法式系列-圆点细吊带连体衣 白底黑点,Into This Dream,S,699.0,499.0,1005263,10052630201,LAU18231-B-S,
「出游季」法式系列-圆点细吊带连体衣 白底黑点,Into This Dream,M,699.0,499.0,1005263,10052630202,LAU18231-B-M,
「出游季」法式系列-圆点细吊带连体衣 白底黑点,Into This Dream,L,699.0,499.0,1005263,10052630203,LAU18231-B-L,
 法式系列-V领七分袖连衣裙 白底方点,Into This Dream,S,1129.0,899.0,1005264,10052640101,LOP18232-B-S,
 法式系列-V领七分袖连衣裙 白底方点,Into This Dream,M,1129.0,899.0,1005264,10052640102,LOP18232-B-M,
 法式系列-V领七分袖连衣裙 白底方点,Into This Dream,L,1129.0,899.0,1005264,10052640103,LOP18232-B-L,
「出游季」度假柔美风情连衣裙 白色,Into This Dream,S,1570.0,1099.0,1005304,10053040101,SSYOP18205BL-S,
「出游季」度假柔美风情连衣裙 白色,Into This Dream,M,1570.0,1099.0,1005304,10053040102,SSYOP18205BL-M,
「出游季」度假柔美风情连衣裙 白色,Into This Dream,L,1570.0,1099.0,1005304,10053040103,SSYOP18205BL-L,
经典 T 恤系列-抽绳款 粉色,Into This Dream,S,599.0,159.0,1005305,10053050101,SSDTS18288F-S,
经典 T 恤系列-抽绳款 粉色,Into This Dream,M,599.0,159.0,1005305,10053050102,SSDTS18288F-M,
经典 T 恤系列-抽绳款 黑色,Into This Dream,S,599.0,159.0,1005305,10053050201,SSDTS18288H-S,
经典 T 恤系列-抽绳款 黑色,Into This Dream,M,599.0,159.0,1005305,10053050202,SSDTS18288H-M,
经典 T 恤系列-褶皱款 灰色,Into This Dream,S,599.0,159.0,1005306,10053060101,SSDTS18289S-S,
经典 T 恤系列-褶皱款 灰色,Into This Dream,M,599.0,159.0,1005306,10053060102,SSDTS18289S-M,
经典 T 恤系列-褶皱款 黑色,Into This Dream,S,599.0,159.0,1005306,10053060201,SSDTS18289H-S,
经典 T 恤系列-褶皱款 黑色,Into This Dream,M,599.0,159.0,1005306,10053060202,SSDTS18289H-M,
经典 T 恤系列-褶皱露肩款 白色,Into This Dream,S,599.0,159.0,1005307,10053070101,SSDTS18290B-S,
经典 T 恤系列-褶皱露肩款 白色,Into This Dream,M,599.0,159.0,1005307,10053070102,SSDTS18290B-M,
经典 T 恤系列-褶皱露肩款 粉色,Into This Dream,S,599.0,159.0,1005307,10053070201,SSDTS18290F-S,
经典 T 恤系列-褶皱露肩款 粉色,Into This Dream,M,599.0,159.0,1005307,10053070202,SSDTS18290F-M,
经典 T 恤系列-露肩款 白色,Into This Dream,S,419.0,139.0,1005308,10053080101,DTS18291A-S,
经典 T 恤系列-露肩款 白色,Into This Dream,M,419.0,139.0,1005308,10053080102,DTS18291A-M,
经典 T 恤系列-露肩款 白色,Into This Dream,L,419.0,139.0,1005308,10053080103,DTS18291A-L,
「出游季」经典 T 恤系列-露肩款 黑色,Into This Dream,S,419.0,139.0,1005308,10053080201,DTS18291B-S,
「出游季」经典 T 恤系列-露肩款 黑色,Into This Dream,M,419.0,139.0,1005308,10053080202,DTS18291B-M,
「出游季」经典 T 恤系列-露肩款 黑色,Into This Dream,L,419.0,139.0,1005308,10053080203,DTS18291B-L,
经典 T 恤系列-圆领款 白色,Into This Dream,S,419.0,139.0,1005309,10053090101,DTS18292A-S,
经典 T 恤系列-圆领款 白色,Into This Dream,M,419.0,139.0,1005309,10053090102,DTS18292A-M,
经典 T 恤系列-圆领款 白色,Into This Dream,L,419.0,139.0,1005309,10053090103,DTS18292A-L,
经典 T 恤系列-圆领款 黑色,Into This Dream,S,419.0,139.0,1005309,10053090201,DTS18292B-S,
经典 T 恤系列-圆领款 黑色,Into This Dream,M,419.0,139.0,1005309,10053090202,DTS18292B-M,
经典 T 恤系列-圆领款 黑色,Into This Dream,L,419.0,139.0,1005309,10053090203,DTS18292B-L,
经典 T 恤系列-条纹款,Into This Dream,S,419.0,169.0,1005310,10053100101,SSDTS18296T-S,
经典 T 恤系列-条纹款,Into This Dream,M,419.0,169.0,1005310,10053100102,SSDTS18296T-M,
「出游季」经典 T 恤系列-拼色条纹款,Into This Dream,S,419.0,169.0,1005311,10053110101,SSDTS18297T-S,
「出游季」经典 T 恤系列-拼色条纹款,Into This Dream,M,419.0,169.0,1005311,10053110102,SSDTS18297T-M,
「出游季」经典 T 恤系列-圆领款 黑+白两色,Into This Dream,S,838.0,269.0,1005361,10053610101,DTS18292AHBS,
「出游季」经典 T 恤系列-圆领款 黑+白两色,Into This Dream,M,838.0,269.0,1005361,10053610102,DTS18292AHBM,
「出游季」经典 T 恤系列-圆领款 黑+白两色,Into This Dream,L,838.0,269.0,1005361,10053610103,DTS18292AHBL,
法式系列-简洁七分袖连衣裙 白底方点,Into This Dream,S,1129.0,0,1005384,10053840101,10052550201,
It's mine 缎面凉拖鞋-复古绿,Camelia,36,1269.0,980.0,1005393,10053930101,,
巴黎女孩的小光芒 Akoya 单颗珍珠项链,Into This Dream,l,1080.0,0,1005394,10053940101,,
风雅迷人系列百褶裙-豆沙色,Into This Dream,S,899.0,699.0,1005428,10054280101,DSK18305-B-S,
风雅迷人系列百褶裙-豆沙色,Into This Dream,M,899.0,699.0,1005428,10054280102,DSK18305-B-M,
风雅迷人系列百褶裙-豆沙色,Into This Dream,L,899.0,699.0,1005428,10054280103,DSK18305-B-L,
风雅迷人系列百褶裙-深蓝色,Into This Dream,S,899.0,699.0,1005428,10054280201,DSK18305-A-S,
风雅迷人系列百褶裙-深蓝色,Into This Dream,M,899.0,699.0,1005428,10054280202,DSK18305-A-M,
风雅迷人系列百褶裙-深蓝色,Into This Dream,L,899.0,699.0,1005428,10054280203,DSK18305-A-L,
风雅迷人系列百褶裙-浅杏灰色,Into This Dream,S,899.0,699.0,1005428,10054280301,DSK18305-C-S,
风雅迷人系列百褶裙-浅杏灰色,Into This Dream,M,899.0,699.0,1005428,10054280302,DSK18305-C-M,
风雅迷人系列百褶裙-浅杏灰色,Into This Dream,L,899.0,699.0,1005428,10054280303,DSK18305-C-L,
水果系列 T 恤 「三款可选」,Into This Dream,草莓S,499.0,299.0,1005437,10054370101,SSDTS18311BCML-S,
水果系列 T 恤 「三款可选」,Into This Dream,草莓M,499.0,299.0,1005437,10054370102,SSDTS18311BCML-M,
水果系列 T 恤 「三款可选」,Into This Dream,桃子S,499.0,299.0,1005437,10054370103,SSDTS18312BTZL-S,
水果系列 T 恤 「三款可选」,Into This Dream,桃子M,499.0,299.0,1005437,10054370104,SSDTS18312BTZL-M,
水果系列 T 恤 「三款可选」,Into This Dream,樱桃S,499.0,299.0,1005437,10054370105,SSDTS18313BYTL-S,
水果系列 T 恤 「三款可选」,Into This Dream,樱桃M,499.0,299.0,1005437,10054370106,SSDTS18313BYTL-M,
水果系列 T 恤 「两款可选」,Into This Dream,香梨S,499.0,299.0,1005438,10054380101,SSDTS18308BLZL-S,
水果系列 T 恤 「两款可选」,Into This Dream,香梨M,499.0,299.0,1005438,10054380102,SSDTS18308BLZL-M,
水果系列 T 恤 「两款可选」,Into This Dream,西瓜S,499.0,299.0,1005438,10054380103,SSDTS18307BXGL-S,
水果系列 T 恤 「两款可选」,Into This Dream,西瓜M,499.0,299.0,1005438,10054380104,SSDTS18307BXGL-M,
水果系列 T 恤 「两款可选」,Into This Dream,柠檬S,499.0,299.0,1005439,10054390101,SSDTS18309BNML-S,
水果系列 T 恤 「两款可选」,Into This Dream,柠檬M,499.0,299.0,1005439,10054390102,SSDTS18309BNML-M,
水果系列 T 恤 「两款可选」,Into This Dream,橙子S,499.0,299.0,1005439,10054390103,SSDTS18310BJZL-S,
水果系列 T 恤 「两款可选」,Into This Dream,橙子M,499.0,299.0,1005439,10054390104,SSDTS18310BJZL-M,
